"Original.Release","Release","Order","NR","NREF","NFIX","NAUTH","LINES_SUM","LINES_MAX","LINES_AVG","CHURN_SUM","CHURN_MAX","CHURN_AVG","CHGSET_SUM","CHGSET_MAX","CHGSET_AVG","AGE","AGE_WEIGHTED","Impl","LOC.A","LOC.M","LOC.D","Size","Violations.Injected","Violations","Size.Next","Faultiness"
"Keymind-B",100,"FIRST",3,0,1,1,14,7,7,14,7,7,18,7,6,25,NA,2,14,2,0,15,43,43,98,FALSE
"Keymind-B",100,"FIRST",4,0,4,1,0,0,0,0,0,0,27,11,6,25,NA,0,0,0,0,0,5,5,35,TRUE
"Keymind-B",100,"FIRST",30,0,18,1,484,201,39,450,167,37,141,11,4,25,NA,12,467,107,17,82,86,86,35,TRUE
"Keymind-B",100,"FIRST",5,0,3,1,27,14,13,27,14,13,23,8,4,25,NA,2,27,0,0,21,59,59,90,FALSE
"Keymind-B",100,"FIRST",16,0,10,4,84,70,13,-30,-42,-5,118,26,7,25,NA,6,27,26,57,25,0,0,9,FALSE
"Keymind-B",100,"FIRST",14,0,7,4,316,269,45,-176,-181,-25,111,26,7,24,NA,7,70,91,246,53,0,0,11,TRUE
"Keymind-B",100,"FIRST",9,0,5,2,37,27,8,31,21,8,52,26,5,24,NA,4,34,25,3,44,70,70,15,TRUE
"Keymind-B",100,"FIRST",8,0,4,3,90,72,22,54,36,14,80,26,10,24,NA,4,72,4,18,31,0,0,26,FALSE
"Keymind-B",100,"FIRST",17,0,5,3,149,82,11,135,70,11,58,14,3,24,NA,12,142,37,7,30,0,0,11,FALSE
"Keymind-B",100,"FIRST",6,0,1,1,45,18,9,45,18,9,32,14,5,24,NA,5,45,6,0,22,0,0,11,FALSE
"Keymind-B",100,"FIRST",7,0,4,1,45,20,15,45,20,15,22,6,3,23,NA,3,45,0,0,23,110,110,54,FALSE
"Keymind-B",100,"FIRST",4,0,1,2,5,5,1,5,5,1,40,29,10,23,NA,3,5,7,0,18,0,0,16,FALSE
"Keymind-B",100,"FIRST",3,0,3,2,0,0,0,0,0,0,6,3,2,23,NA,0,0,0,0,0,78,78,44,FALSE
"Keymind-B",100,"FIRST",6,0,1,2,31,18,6,31,18,6,29,11,4,23,NA,5,31,8,0,24,66,66,50,FALSE
"Keymind-B",100,"FIRST",6,0,2,2,12,8,3,12,8,3,10,2,1,23,NA,4,12,10,0,19,95,95,32,TRUE
"Keymind-B",100,"FIRST",14,0,4,3,170,51,17,170,51,17,112,26,7,23,NA,10,170,19,0,32,0,0,26,TRUE
"Keymind-B",100,"FIRST",12,0,4,1,275,137,34,179,81,22,36,6,2,23,NA,8,227,43,48,58,64,64,144,TRUE
"Keymind-B",100,"FIRST",5,0,1,3,7,3,1,5,1,1,46,29,7,23,NA,4,6,2,1,13,39,39,29,TRUE
"Keymind-B",100,"FIRST",12,0,8,4,21,13,5,5,1,1,48,10,3,23,NA,4,13,3,8,15,0,0,10,FALSE
"Keymind-B",100,"FIRST",4,0,4,3,0,0,0,0,0,0,24,8,4,23,NA,0,0,0,0,0,0,0,35,FALSE
"Keymind-B",100,"FIRST",2,0,0,3,52,52,26,52,52,26,13,8,4,23,NA,2,52,1,0,34,5,5,23,FALSE
"Keymind-B",100,"FIRST",9,0,3,2,45,36,7,45,36,7,89,26,9,23,NA,6,45,5,0,17,0,0,20,TRUE
"Keymind-B",100,"FIRST",1,0,1,1,0,0,0,0,0,0,5,5,5,23,NA,0,0,0,0,0,33,33,9,FALSE
"Keymind-B",100,"FIRST",1,0,0,1,37,37,37,37,37,37,3,3,3,22,NA,1,37,1,0,52,17,17,10,TRUE
"Keymind-B",100,"FIRST",2,0,1,2,0,0,0,0,0,0,9,5,4,22,NA,1,0,1,0,9,0,0,11,FALSE
"Keymind-B",100,"FIRST",3,0,2,2,21,21,21,-5,-5,-5,10,5,3,22,NA,1,8,15,13,38,0,0,9,FALSE
"Keymind-B",100,"FIRST",2,0,1,2,0,0,0,0,0,0,15,8,7,22,NA,1,0,5,0,31,0,0,12,FALSE
"Keymind-B",100,"FIRST",3,0,1,3,2,2,0,0,0,0,25,10,8,22,NA,2,1,8,1,23,0,0,10,FALSE
"Keymind-B",100,"FIRST",6,0,2,2,78,74,18,40,36,10,30,10,5,22,NA,4,59,75,19,55,15,15,16,FALSE
"Keymind-B",100,"FIRST",2,0,1,2,0,0,0,0,0,0,37,29,18,22,NA,1,0,1,0,9,7,7,10,FALSE
"Keymind-B",100,"FIRST",5,0,1,3,229,201,56,33,39,8,17,8,3,22,NA,4,131,65,98,76,0,0,28,FALSE
"Keymind-B",100,"FIRST",4,0,1,3,27,27,9,-9,-9,-3,16,8,4,22,NA,3,9,6,18,19,0,0,35,FALSE
"Keymind-B",100,"FIRST",7,0,1,2,31,23,4,11,5,2,18,8,2,22,NA,6,21,15,10,21,16,16,19,FALSE
"Keymind-B",100,"FIRST",2,0,2,1,0,0,0,0,0,0,12,8,6,22,NA,0,0,0,0,0,0,0,9,FALSE
"Keymind-B",100,"FIRST",2,0,2,1,0,0,0,0,0,0,12,8,6,22,NA,0,0,0,0,0,0,0,11,FALSE
"Keymind-B",100,"FIRST",9,0,8,2,0,0,0,0,0,0,62,20,6,22,NA,1,0,2,0,15,0,0,9,TRUE
"Keymind-B",100,"FIRST",1,0,0,1,27,27,27,27,27,27,2,2,2,22,NA,1,27,1,0,44,19,19,25,FALSE
"Keymind-B",100,"FIRST",7,0,1,2,178,91,29,88,19,15,31,7,4,22,NA,6,133,80,45,57,211,211,11,FALSE
"Keymind-B",100,"FIRST",10,0,5,3,96,78,18,92,74,18,35,10,2,22,NA,5,94,32,2,49,0,0,12,TRUE
"Keymind-B",100,"FIRST",4,0,2,2,9,9,4,9,9,4,15,5,3,22,NA,2,9,6,0,27,0,0,26,FALSE
"Keymind-B",100,"FIRST",2,0,2,1,0,0,0,0,0,0,9,6,4,21,NA,0,0,0,0,0,33,33,9,FALSE
"Keymind-B",100,"FIRST",5,0,1,2,9,9,2,-9,-9,-2,26,10,5,21,NA,4,0,12,9,19,0,0,26,FALSE
"Keymind-B",100,"FIRST",6,0,1,3,1,1,0,1,1,0,36,10,6,21,NA,5,1,11,0,12,0,0,7,FALSE
"Keymind-B",100,"FIRST",8,0,0,2,101,54,12,33,6,4,39,10,4,21,NA,8,67,73,34,36,30,30,33,FALSE
"Keymind-B",100,"FIRST",16,0,0,2,218,62,13,22,-14,1,79,11,4,21,NA,16,120,186,98,36,31,31,37,FALSE
"Keymind-B",100,"FIRST",6,0,0,2,81,72,13,9,0,1,37,11,6,21,NA,6,45,15,36,26,0,0,96,FALSE
"Keymind-B",100,"FIRST",2,0,1,2,0,0,0,0,0,0,23,20,11,21,NA,1,0,1,0,9,0,0,36,FALSE
"Keymind-B",100,"FIRST",1,0,0,1,72,72,72,0,0,0,29,29,29,21,NA,1,36,9,36,96,0,0,141,FALSE
"Keymind-B",100,"FIRST",1,0,0,1,0,0,0,0,0,0,29,29,29,21,NA,1,0,24,0,113,0,0,51,FALSE
"Keymind-B",100,"FIRST",2,0,0,2,16,16,7,2,2,1,47,29,23,21,NA,2,9,4,7,16,0,0,36,FALSE
"Keymind-B",100,"FIRST",2,0,0,2,9,9,4,9,9,4,40,29,20,21,NA,2,9,28,0,76,0,0,119,FALSE
"Keymind-B",100,"FIRST",5,0,2,3,16,14,5,4,2,1,58,29,11,21,NA,3,10,6,6,18,0,0,20,FALSE
"Keymind-B",100,"FIRST",1,0,0,1,1,1,1,1,1,1,29,29,29,21,NA,1,1,0,0,9,25,25,119,FALSE
"Keymind-B",100,"FIRST",3,0,0,3,19,16,6,7,4,2,58,29,19,21,NA,3,13,4,6,15,0,0,40,FALSE
"Keymind-B",100,"FIRST",1,0,0,1,2,2,2,2,2,2,29,29,29,21,NA,1,2,0,0,16,65,65,140,FALSE
"Keymind-B",100,"FIRST",1,0,0,1,1,1,1,1,1,1,29,29,29,21,NA,1,1,0,0,9,29,29,63,FALSE
"Keymind-B",100,"FIRST",4,0,2,2,0,0,0,0,0,0,40,29,10,21,NA,2,0,30,0,73,0,0,11,FALSE
"Keymind-B",100,"FIRST",3,0,0,2,35,30,11,9,8,3,48,29,16,21,NA,3,22,13,13,28,0,0,45,FALSE
"Keymind-B",100,"FIRST",1,0,1,1,0,0,0,0,0,0,5,5,5,20,NA,0,0,0,0,0,63,63,72,FALSE
"Keymind-B",100,"FIRST",1,0,1,1,0,0,0,0,0,0,4,4,4,20,NA,0,0,0,0,0,76,76,143,FALSE
"Keymind-B",100,"FIRST",11,0,0,1,143,64,12,135,58,12,31,10,2,19,NA,11,139,24,4,26,12,12,9,FALSE
"Keymind-B",100,"FIRST",9,0,0,3,375,364,40,-1,-6,0,62,18,6,19,NA,9,187,35,188,39,0,0,13,FALSE
"Keymind-B",100,"FIRST",2,0,1,1,0,0,0,0,0,0,4,3,2,19,NA,1,0,1,0,9,0,0,4,FALSE
"Keymind-B",100,"FIRST",1,0,0,1,1,1,1,1,1,1,11,11,11,19,NA,1,1,0,0,9,41,41,16,FALSE
"Keymind-B",100,"FIRST",3,0,2,2,0,0,0,0,0,0,28,14,9,19,NA,1,0,1,0,6,0,0,50,FALSE
"Keymind-B",100,"FIRST",1,0,0,2,0,0,0,0,0,0,13,11,6,19,NA,1,0,1,0,9,0,0,11,FALSE
"Keymind-B",100,"FIRST",2,0,1,2,5,5,5,5,5,5,16,11,8,19,NA,1,5,0,0,13,70,70,16,FALSE
"Keymind-B",100,"FIRST",1,0,0,2,0,0,0,0,0,0,13,11,6,19,NA,1,0,1,0,5,0,0,12,FALSE
"Keymind-B",100,"FIRST",1,0,1,1,0,0,0,0,0,0,3,3,3,19,NA,0,0,0,0,0,125,125,36,FALSE
"Keymind-B",100,"FIRST",3,0,0,1,20,19,6,18,17,6,15,7,5,19,NA,3,19,19,1,32,47,47,9,FALSE
"Keymind-B",100,"FIRST",4,0,4,1,0,0,0,0,0,0,4,1,1,19,NA,0,0,0,0,0,9,9,30,TRUE
"Keymind-B",100,"FIRST",1,0,1,1,0,0,0,0,0,0,1,1,1,19,NA,0,0,0,0,0,61,61,9,FALSE
"Keymind-B",100,"FIRST",3,0,2,2,0,0,0,0,0,0,10,5,3,18,NA,1,0,1,0,9,0,0,24,FALSE
"Keymind-B",100,"FIRST",2,0,2,1,0,0,0,0,0,0,2,1,1,18,NA,0,0,0,0,0,64,64,53,FALSE
"Keymind-B",100,"FIRST",5,0,3,2,0,0,0,0,0,0,16,10,3,17,NA,2,0,5,0,15,0,0,28,TRUE
"Keymind-B",100,"FIRST",2,0,1,1,0,0,0,0,0,0,9,7,4,17,NA,1,0,9,0,19,24,24,15,FALSE
"Keymind-B",100,"FIRST",3,0,2,2,59,59,59,9,9,9,9,5,3,14,NA,1,34,10,25,64,80,80,12,FALSE
"Keymind-B",100,"FIRST",1,0,1,1,0,0,0,0,0,0,1,1,1,10,NA,0,0,0,0,0,38,38,9,FALSE
"Keymind-B",100,"FIRST",0,0,0,0,0,0,0,0,0,0,0,0,0,-5,NA,0,0,0,0,0,0,0,38,FALSE
"Keymind-B",100,"FIRST",0,0,0,0,0,0,0,0,0,0,0,0,0,-5,NA,0,0,0,0,0,0,0,28,FALSE
"Keymind-B",100,"FIRST",0,0,0,0,0,0,0,0,0,0,0,0,0,-5,NA,0,0,0,0,0,0,0,23,FALSE
"Keymind-B",100,"FIRST",0,0,0,0,0,0,0,0,0,0,0,0,0,-5,NA,0,0,0,0,0,16,16,16,FALSE
"Keymind-B",100,"FIRST",0,0,0,0,0,0,0,0,0,0,0,0,0,-19,NA,0,0,0,0,0,0,0,35,FALSE
"Keymind-B",100,"FIRST",0,0,0,0,0,0,0,0,0,0,0,0,0,-21,NA,0,0,0,0,0,0,0,0,FALSE
"Keymind-B",100,"FIRST",0,0,0,0,0,0,0,0,0,0,0,0,0,-21,NA,0,0,0,0,0,0,0,0,FALSE
"Keymind-B",100,"FIRST",0,0,0,0,0,0,0,0,0,0,0,0,0,-21,NA,0,0,0,0,0,0,0,0,FALSE
"Keymind-B",100,"FIRST",0,0,0,0,0,0,0,0,0,0,0,0,0,-21,NA,0,0,0,0,0,0,0,0,FALSE
"Keymind-B",100,"FIRST",0,0,0,0,0,0,0,0,0,0,0,0,0,-23,NA,0,0,0,0,0,17,17,29,FALSE
"Keymind-B",100,"FIRST",0,0,0,0,0,0,0,0,0,0,0,0,0,-23,NA,0,0,0,0,0,15,15,27,FALSE
"Keymind-B",100,"FIRST",0,0,0,0,0,0,0,0,0,0,0,0,0,-23,NA,0,0,0,0,0,0,0,16,FALSE
"Keymind-B",100,"FIRST",0,0,0,0,0,0,0,0,0,0,0,0,0,-23,NA,0,0,0,0,0,0,0,14,FALSE
"Keymind-B",100,"FIRST",0,0,0,0,0,0,0,0,0,0,0,0,0,-23,NA,0,0,0,0,0,0,0,15,FALSE
"Keymind-B",100,"FIRST",0,0,0,0,0,0,0,0,0,0,0,0,0,-23,NA,0,0,0,0,0,15,15,20,FALSE
"Keymind-B",100,"FIRST",0,0,0,0,0,0,0,0,0,0,0,0,0,-23,NA,0,0,0,0,0,15,15,26,FALSE
"Keymind-B",100,"FIRST",0,0,0,0,0,0,0,0,0,0,0,0,0,-23,NA,0,0,0,0,0,0,0,16,FALSE
"Keymind-B",100,"FIRST",0,0,0,0,0,0,0,0,0,0,0,0,0,-23,NA,0,0,0,0,0,0,0,11,FALSE
"Keymind-B",100,"FIRST",0,0,0,0,0,0,0,0,0,0,0,0,0,-23,NA,0,0,0,0,0,0,0,20,FALSE
"Keymind-B",100,"FIRST",0,0,0,0,0,0,0,0,0,0,0,0,0,-23,NA,0,0,0,0,0,18,18,27,FALSE
"Keymind-B",100,"FIRST",0,0,0,0,0,0,0,0,0,0,0,0,0,-23,NA,0,0,0,0,0,2,2,23,FALSE
"Keymind-B",100,"FIRST",0,0,0,0,0,0,0,0,0,0,0,0,0,-23,NA,0,0,0,0,0,1,1,11,FALSE
"Keymind-B",100,"FIRST",0,0,0,0,0,0,0,0,0,0,0,0,0,-23,NA,0,0,0,0,0,0,0,67,FALSE
"Keymind-B",100,"FIRST",0,0,0,0,0,0,0,0,0,0,0,0,0,-23,NA,0,0,0,0,0,0,0,9,FALSE
"Keymind-B",100,"FIRST",0,0,0,0,0,0,0,0,0,0,0,0,0,-23,NA,0,0,0,0,0,0,0,9,FALSE
"Keymind-B",100,"FIRST",0,0,0,0,0,0,0,0,0,0,0,0,0,-23,NA,0,0,0,0,0,0,0,134,FALSE
"Keymind-B",100,"FIRST",0,0,0,0,0,0,0,0,0,0,0,0,0,-23,NA,0,0,0,0,0,0,0,57,FALSE
"Keymind-B",100,"FIRST",0,0,0,0,0,0,0,0,0,0,0,0,0,-23,NA,0,0,0,0,0,0,0,96,FALSE
"Keymind-B",100,"FIRST",0,0,0,0,0,0,0,0,0,0,0,0,0,-23,NA,0,0,0,0,0,0,0,11,FALSE
"Keymind-B",100,"FIRST",0,0,0,0,0,0,0,0,0,0,0,0,0,-23,NA,0,0,0,0,0,0,0,57,FALSE
"Keymind-B",100,"FIRST",0,0,0,0,0,0,0,0,0,0,0,0,0,-23,NA,0,0,0,0,0,16,16,25,FALSE
"Keymind-B",100,"FIRST",0,0,0,0,0,0,0,0,0,0,0,0,0,-23,NA,0,0,0,0,0,0,0,95,FALSE
"Keymind-B",100,"FIRST",0,0,0,0,0,0,0,0,0,0,0,0,0,-23,NA,0,0,0,0,0,0,0,134,FALSE
"Keymind-B",100,"FIRST",0,0,0,0,0,0,0,0,0,0,0,0,0,-23,NA,0,0,0,0,0,0,0,11,FALSE
"Keymind-B",100,"FIRST",0,0,0,0,0,0,0,0,0,0,0,0,0,-23,NA,0,0,0,0,0,0,0,129,FALSE
"Keymind-B",100,"FIRST",0,0,0,0,0,0,0,0,0,0,0,0,0,-23,NA,0,0,0,0,0,0,0,250,FALSE
"Keymind-B",100,"FIRST",0,0,0,0,0,0,0,0,0,0,0,0,0,-23,NA,0,0,0,0,0,0,0,466,FALSE
"Keymind-B",100,"FIRST",0,0,0,0,0,0,0,0,0,0,0,0,0,-23,NA,0,0,0,0,0,0,0,248,FALSE
"Keymind-B",100,"FIRST",0,0,0,0,0,0,0,0,0,0,0,0,0,-23,NA,0,0,0,0,0,0,0,466,FALSE
"Keymind-B",100,"FIRST",0,0,0,0,0,0,0,0,0,0,0,0,0,-23,NA,0,0,0,0,0,0,0,466,FALSE
"Keymind-B",100,"FIRST",0,0,0,0,0,0,0,0,0,0,0,0,0,-23,NA,0,0,0,0,0,0,0,152,FALSE
"Keymind-B",100,"FIRST",0,0,0,0,0,0,0,0,0,0,0,0,0,-23,NA,0,0,0,0,0,0,0,2680,FALSE
"Keymind-B",100,"FIRST",0,0,0,0,0,0,0,0,0,0,0,0,0,-23,NA,0,0,0,0,0,0,0,251,FALSE
"Keymind-B",100,"FIRST",0,0,0,0,0,0,0,0,0,0,0,0,0,-23,NA,0,0,0,0,0,0,0,466,FALSE
"Keymind-B",100,"FIRST",0,0,0,0,0,0,0,0,0,0,0,0,0,-23,NA,0,0,0,0,0,0,0,239,FALSE
"Keymind-B",100,"FIRST",0,0,0,0,0,0,0,0,0,0,0,0,0,-23,NA,0,0,0,0,0,0,0,248,FALSE
"Keymind-B",100,"FIRST",0,0,0,0,0,0,0,0,0,0,0,0,0,-23,NA,0,0,0,0,0,0,0,128,FALSE
"Keymind-B",100,"FIRST",0,0,0,0,0,0,0,0,0,0,0,0,0,-23,NA,0,0,0,0,0,0,0,17,FALSE
"Keymind-B",100,"FIRST",0,0,0,0,0,0,0,0,0,0,0,0,0,-23,NA,0,0,0,0,0,0,0,26,FALSE
"Keymind-B",100,"FIRST",0,0,0,0,0,0,0,0,0,0,0,0,0,-23,NA,0,0,0,0,0,0,0,40,FALSE
"Keymind-B",100,"FIRST",0,0,0,0,0,0,0,0,0,0,0,0,0,-23,NA,0,0,0,0,0,0,0,30,FALSE
"Keymind-B",100,"FIRST",0,0,0,0,0,0,0,0,0,0,0,0,0,-23,NA,0,0,0,0,0,0,0,102,FALSE
"Keymind-B",100,"FIRST",0,0,0,0,0,0,0,0,0,0,0,0,0,-24,NA,0,0,0,0,0,0,0,58,FALSE
"Keymind-B",100,"FIRST",0,0,0,0,0,0,0,0,0,0,0,0,0,-45,NA,0,0,0,0,0,12,12,22,FALSE
"Keymind-B",100,"FIRST",0,0,0,0,0,0,0,0,0,0,0,0,0,-45,NA,0,0,0,0,0,2,2,12,FALSE
"Keymind-B",100,"FIRST",0,0,0,0,0,0,0,0,0,0,0,0,0,-45,NA,0,0,0,0,0,19,19,12,FALSE
"Keymind-B",100,"FIRST",0,0,0,0,0,0,0,0,0,0,0,0,0,-45,NA,0,0,0,0,0,0,0,11,FALSE
"Keymind-B",100,"FIRST",0,0,0,0,0,0,0,0,0,0,0,0,0,-45,NA,0,0,0,0,0,0,0,9,FALSE
"Keymind-B",100,"FIRST",0,0,0,0,0,0,0,0,0,0,0,0,0,-45,NA,0,0,0,0,0,3,3,43,FALSE
"Keymind-B",100,"FIRST",0,0,0,0,0,0,0,0,0,0,0,0,0,-47,NA,0,0,0,0,0,4,4,9,FALSE
"Keymind-B",100,"FIRST",0,0,0,0,0,0,0,0,0,0,0,0,0,-47,NA,0,0,0,0,0,3,3,9,FALSE
"Keymind-B",100,"FIRST",0,0,0,0,0,0,0,0,0,0,0,0,0,-47,NA,0,0,0,0,0,0,0,100,FALSE
"Keymind-B",100,"FIRST",0,0,0,0,0,0,0,0,0,0,0,0,0,-47,NA,0,0,0,0,0,0,0,47,FALSE
"Keymind-B",100,"FIRST",0,0,0,0,0,0,0,0,0,0,0,0,0,-47,NA,0,0,0,0,0,0,0,145,FALSE
"Keymind-B",100,"FIRST",0,0,0,0,0,0,0,0,0,0,0,0,0,-47,NA,0,0,0,0,0,0,0,89,FALSE
"Keymind-B",100,"FIRST",0,0,0,0,0,0,0,0,0,0,0,0,0,-47,NA,0,0,0,0,0,0,0,53,FALSE
"Keymind-B",100,"FIRST",0,0,0,0,0,0,0,0,0,0,0,0,0,-47,NA,0,0,0,0,0,0,0,143,FALSE
"Keymind-B",100,"FIRST",0,0,0,0,0,0,0,0,0,0,0,0,0,-47,NA,0,0,0,0,0,0,0,21,FALSE
"Keymind-B",100,"FIRST",0,0,0,0,0,0,0,0,0,0,0,0,0,-47,NA,0,0,0,0,0,0,0,115,FALSE
"Keymind-B",100,"FIRST",0,0,0,0,0,0,0,0,0,0,0,0,0,-48,NA,0,0,0,0,0,6,6,9,FALSE
"Keymind-B",102,"FIRST",3,0,1,0,0,0,0,0,0,0,0,0,0,29,25,0,0,0,0,0,0,43,98,FALSE
"Keymind-B",102,"FIRST",4,0,4,0,0,0,0,0,0,0,0,0,0,29,0,0,0,0,0,0,0,5,35,TRUE
"Keymind-B",102,"FIRST",30,0,18,0,0,0,0,0,0,0,0,0,0,29,25,0,0,0,0,0,0,86,35,TRUE
"Keymind-B",102,"FIRST",5,0,3,0,0,0,0,0,0,0,0,0,0,29,25,0,0,0,0,0,0,59,90,FALSE
"Keymind-B",102,"FIRST",16,0,10,0,0,0,0,0,0,0,0,0,0,29,25,0,0,0,0,0,0,0,9,FALSE
"Keymind-B",102,"FIRST",14,0,7,0,0,0,0,0,0,0,0,0,0,28,24,0,0,0,0,0,0,0,11,TRUE
"Keymind-B",102,"FIRST",9,0,5,0,0,0,0,0,0,0,0,0,0,28,24,0,0,0,0,0,0,70,15,TRUE
"Keymind-B",102,"FIRST",8,0,4,0,0,0,0,0,0,0,0,0,0,28,24,0,0,0,0,0,0,0,26,FALSE
"Keymind-B",102,"FIRST",17,0,5,0,0,0,0,0,0,0,0,0,0,28,24,0,0,0,0,0,0,0,11,FALSE
"Keymind-B",102,"FIRST",6,0,1,0,0,0,0,0,0,0,0,0,0,28,24,0,0,0,0,0,0,0,11,FALSE
"Keymind-B",102,"FIRST",7,0,4,0,0,0,0,0,0,0,0,0,0,27,23,0,0,0,0,0,0,110,54,FALSE
"Keymind-B",102,"FIRST",4,0,1,0,0,0,0,0,0,0,0,0,0,27,23,0,0,0,0,0,0,0,16,FALSE
"Keymind-B",102,"FIRST",3,0,3,0,0,0,0,0,0,0,0,0,0,27,0,0,0,0,0,0,0,78,44,FALSE
"Keymind-B",102,"FIRST",6,0,1,0,0,0,0,0,0,0,0,0,0,27,23,0,0,0,0,0,0,66,50,FALSE
"Keymind-B",102,"FIRST",6,0,2,0,0,0,0,0,0,0,0,0,0,27,23,0,0,0,0,0,0,95,32,TRUE
"Keymind-B",102,"FIRST",14,0,4,0,0,0,0,0,0,0,0,0,0,27,23,0,0,0,0,0,0,0,26,TRUE
"Keymind-B",102,"FIRST",12,0,4,0,0,0,0,0,0,0,0,0,0,27,23,0,0,0,0,0,0,64,144,TRUE
"Keymind-B",102,"FIRST",6,0,2,1,0,0,0,0,0,0,1,1,1,27,23,0,0,0,0,0,2,41,29,TRUE
"Keymind-B",102,"FIRST",12,0,8,0,0,0,0,0,0,0,0,0,0,27,23,0,0,0,0,0,0,0,10,FALSE
"Keymind-B",102,"FIRST",4,0,4,0,0,0,0,0,0,0,0,0,0,27,0,0,0,0,0,0,0,0,35,FALSE
"Keymind-B",102,"FIRST",2,0,0,0,0,0,0,0,0,0,0,0,0,27,23,0,0,0,0,0,1,6,23,FALSE
"Keymind-B",102,"FIRST",9,0,3,0,0,0,0,0,0,0,0,0,0,27,23,0,0,0,0,0,0,0,20,TRUE
"Keymind-B",102,"FIRST",2,0,1,1,0,0,0,0,0,0,2,2,2,27,0,1,0,1,0,9,0,33,12,TRUE
"Keymind-B",102,"FIRST",1,0,0,0,0,0,0,0,0,0,0,0,0,26,22,0,0,0,0,0,0,17,10,TRUE
"Keymind-B",102,"FIRST",2,0,1,0,0,0,0,0,0,0,0,0,0,26,0,0,0,0,0,0,0,0,11,FALSE
"Keymind-B",102,"FIRST",3,0,2,0,0,0,0,0,0,0,0,0,0,26,22,0,0,0,0,0,0,0,9,FALSE
"Keymind-B",102,"FIRST",2,0,1,0,0,0,0,0,0,0,0,0,0,26,0,0,0,0,0,0,0,0,12,FALSE
"Keymind-B",102,"FIRST",3,0,1,0,0,0,0,0,0,0,0,0,0,26,22,0,0,0,0,0,0,0,10,FALSE
"Keymind-B",102,"FIRST",6,0,2,0,0,0,0,0,0,0,0,0,0,26,22,0,0,0,0,0,0,15,16,FALSE
"Keymind-B",102,"FIRST",2,0,1,0,0,0,0,0,0,0,0,0,0,26,0,0,0,0,0,0,0,7,10,FALSE
"Keymind-B",102,"FIRST",5,0,1,0,0,0,0,0,0,0,0,0,0,26,22,0,0,0,0,0,0,0,28,FALSE
"Keymind-B",102,"FIRST",4,0,1,0,0,0,0,0,0,0,0,0,0,26,22,0,0,0,0,0,0,0,35,FALSE
"Keymind-B",102,"FIRST",7,0,1,0,0,0,0,0,0,0,0,0,0,26,22,0,0,0,0,0,0,16,19,FALSE
"Keymind-B",102,"FIRST",2,0,2,0,0,0,0,0,0,0,0,0,0,26,0,0,0,0,0,0,0,0,9,FALSE
"Keymind-B",102,"FIRST",2,0,2,0,0,0,0,0,0,0,0,0,0,26,0,0,0,0,0,0,0,0,11,FALSE
"Keymind-B",102,"FIRST",1,0,0,0,0,0,0,0,0,0,0,0,0,26,22,0,0,0,0,0,0,19,25,FALSE
"Keymind-B",102,"FIRST",8,0,1,1,2,2,2,2,2,2,1,1,1,26,22,1,2,1,0,11,2,213,24,TRUE
"Keymind-B",102,"FIRST",14,0,8,1,5,5,5,5,5,5,5,2,1,26,22,1,5,0,0,12,0,0,8,TRUE
"Keymind-B",102,"FIRST",2,0,2,0,0,0,0,0,0,0,0,0,0,25,0,0,0,0,0,0,0,33,9,FALSE
"Keymind-B",102,"FIRST",16,0,0,0,0,0,0,0,0,0,0,0,0,25,21,0,0,0,0,0,0,31,37,FALSE
"Keymind-B",102,"FIRST",6,0,0,0,0,0,0,0,0,0,0,0,0,25,21,0,0,0,0,0,0,0,96,FALSE
"Keymind-B",102,"FIRST",2,0,1,0,0,0,0,0,0,0,0,0,0,25,0,0,0,0,0,0,0,0,36,FALSE
"Keymind-B",102,"FIRST",1,0,0,0,0,0,0,0,0,0,0,0,0,25,21,0,0,0,0,0,0,0,141,FALSE
"Keymind-B",102,"FIRST",1,0,0,0,0,0,0,0,0,0,0,0,0,25,0,0,0,0,0,0,0,0,51,FALSE
"Keymind-B",102,"FIRST",2,0,0,0,0,0,0,0,0,0,0,0,0,25,21,0,0,0,0,0,0,0,36,FALSE
"Keymind-B",102,"FIRST",2,0,0,0,0,0,0,0,0,0,0,0,0,25,21,0,0,0,0,0,0,0,119,FALSE
"Keymind-B",102,"FIRST",5,0,2,0,0,0,0,0,0,0,0,0,0,25,21,0,0,0,0,0,0,0,20,FALSE
"Keymind-B",102,"FIRST",1,0,0,0,0,0,0,0,0,0,0,0,0,25,21,0,0,0,0,0,0,25,119,FALSE
"Keymind-B",102,"FIRST",3,0,0,0,0,0,0,0,0,0,0,0,0,25,21,0,0,0,0,0,0,0,40,FALSE
"Keymind-B",102,"FIRST",1,0,0,0,0,0,0,0,0,0,0,0,0,25,21,0,0,0,0,0,0,65,140,FALSE
"Keymind-B",102,"FIRST",1,0,0,0,0,0,0,0,0,0,0,0,0,25,21,0,0,0,0,0,0,29,63,FALSE
"Keymind-B",102,"FIRST",4,0,2,0,0,0,0,0,0,0,0,0,0,25,0,0,0,0,0,0,0,0,11,FALSE
"Keymind-B",102,"FIRST",3,0,0,0,0,0,0,0,0,0,0,0,0,25,21,0,0,0,0,0,0,0,45,FALSE
"Keymind-B",102,"FIRST",1,0,1,0,0,0,0,0,0,0,0,0,0,24,0,0,0,0,0,0,0,63,72,FALSE
"Keymind-B",102,"FIRST",1,0,1,0,0,0,0,0,0,0,0,0,0,24,0,0,0,0,0,0,0,76,143,FALSE
"Keymind-B",102,"FIRST",11,0,0,0,0,0,0,0,0,0,0,0,0,23,19,0,0,0,0,0,0,12,9,FALSE
"Keymind-B",102,"FIRST",9,0,0,0,0,0,0,0,0,0,0,0,0,23,19,0,0,0,0,0,0,0,13,FALSE
"Keymind-B",102,"FIRST",2,0,1,0,0,0,0,0,0,0,0,0,0,23,0,0,0,0,0,0,0,0,4,FALSE
"Keymind-B",102,"FIRST",1,0,0,0,0,0,0,0,0,0,0,0,0,23,19,0,0,0,0,0,0,41,16,FALSE
"Keymind-B",102,"FIRST",3,0,2,0,0,0,0,0,0,0,0,0,0,23,0,0,0,0,0,0,0,0,50,FALSE
"Keymind-B",102,"FIRST",2,0,1,0,0,0,0,0,0,0,0,0,0,23,19,0,0,0,0,0,0,70,16,FALSE
"Keymind-B",102,"FIRST",1,0,1,0,0,0,0,0,0,0,0,0,0,23,0,0,0,0,0,0,0,125,36,FALSE
"Keymind-B",102,"FIRST",3,0,0,0,0,0,0,0,0,0,0,0,0,23,19,0,0,0,0,0,0,47,9,FALSE
"Keymind-B",102,"FIRST",4,0,4,0,0,0,0,0,0,0,0,0,0,23,0,0,0,0,0,0,0,9,30,TRUE
"Keymind-B",102,"FIRST",2,0,1,1,0,0,0,0,0,0,2,2,2,23,0,1,0,1,0,9,0,61,9,TRUE
"Keymind-B",102,"FIRST",3,0,2,0,0,0,0,0,0,0,0,0,0,22,0,0,0,0,0,0,0,0,24,FALSE
"Keymind-B",102,"FIRST",2,0,2,0,0,0,0,0,0,0,0,0,0,22,0,0,0,0,0,0,0,64,53,FALSE
"Keymind-B",102,"FIRST",2,0,1,0,0,0,0,0,0,0,0,0,0,21,0,0,0,0,0,0,0,24,15,FALSE
"Keymind-B",102,"FIRST",3,0,2,0,0,0,0,0,0,0,0,0,0,18,14,0,0,0,0,0,0,80,12,FALSE
"Keymind-B",102,"FIRST",1,0,1,0,0,0,0,0,0,0,0,0,0,14,0,0,0,0,0,0,0,38,9,FALSE
"Keymind-B",102,"FIRST",0,0,0,0,0,0,0,0,0,0,0,0,0,-1,0,0,0,0,0,0,0,0,38,FALSE
"Keymind-B",102,"FIRST",0,0,0,0,0,0,0,0,0,0,0,0,0,-1,0,0,0,0,0,0,0,0,28,FALSE
"Keymind-B",102,"FIRST",0,0,0,0,0,0,0,0,0,0,0,0,0,-1,0,0,0,0,0,0,0,0,23,FALSE
"Keymind-B",102,"FIRST",0,0,0,0,0,0,0,0,0,0,0,0,0,-1,0,0,0,0,0,0,0,16,16,FALSE
"Keymind-B",102,"FIRST",0,0,0,0,0,0,0,0,0,0,0,0,0,-15,0,0,0,0,0,0,0,0,35,FALSE
"Keymind-B",102,"FIRST",0,0,0,0,0,0,0,0,0,0,0,0,0,-17,0,0,0,0,0,0,0,0,0,FALSE
"Keymind-B",102,"FIRST",0,0,0,0,0,0,0,0,0,0,0,0,0,-17,0,0,0,0,0,0,0,0,0,FALSE
"Keymind-B",102,"FIRST",0,0,0,0,0,0,0,0,0,0,0,0,0,-17,0,0,0,0,0,0,0,0,0,FALSE
"Keymind-B",102,"FIRST",0,0,0,0,0,0,0,0,0,0,0,0,0,-17,0,0,0,0,0,0,0,0,0,FALSE
"Keymind-B",102,"FIRST",0,0,0,0,0,0,0,0,0,0,0,0,0,-19,0,0,0,0,0,0,0,17,29,FALSE
"Keymind-B",102,"FIRST",0,0,0,0,0,0,0,0,0,0,0,0,0,-19,0,0,0,0,0,0,0,15,27,FALSE
"Keymind-B",102,"FIRST",0,0,0,0,0,0,0,0,0,0,0,0,0,-19,0,0,0,0,0,0,0,0,16,FALSE
"Keymind-B",102,"FIRST",0,0,0,0,0,0,0,0,0,0,0,0,0,-19,0,0,0,0,0,0,0,0,14,FALSE
"Keymind-B",102,"FIRST",0,0,0,0,0,0,0,0,0,0,0,0,0,-19,0,0,0,0,0,0,0,0,15,FALSE
"Keymind-B",102,"FIRST",0,0,0,0,0,0,0,0,0,0,0,0,0,-19,0,0,0,0,0,0,0,15,20,FALSE
"Keymind-B",102,"FIRST",0,0,0,0,0,0,0,0,0,0,0,0,0,-19,0,0,0,0,0,0,0,15,26,FALSE
"Keymind-B",102,"FIRST",0,0,0,0,0,0,0,0,0,0,0,0,0,-19,0,0,0,0,0,0,0,0,16,FALSE
"Keymind-B",102,"FIRST",0,0,0,0,0,0,0,0,0,0,0,0,0,-19,0,0,0,0,0,0,0,0,11,FALSE
"Keymind-B",102,"FIRST",0,0,0,0,0,0,0,0,0,0,0,0,0,-19,0,0,0,0,0,0,0,0,20,FALSE
"Keymind-B",102,"FIRST",0,0,0,0,0,0,0,0,0,0,0,0,0,-19,0,0,0,0,0,0,0,18,27,FALSE
"Keymind-B",102,"FIRST",0,0,0,0,0,0,0,0,0,0,0,0,0,-19,0,0,0,0,0,0,0,2,23,FALSE
"Keymind-B",102,"FIRST",0,0,0,0,0,0,0,0,0,0,0,0,0,-19,0,0,0,0,0,0,0,1,11,FALSE
"Keymind-B",102,"FIRST",0,0,0,0,0,0,0,0,0,0,0,0,0,-19,0,0,0,0,0,0,0,0,67,FALSE
"Keymind-B",102,"FIRST",0,0,0,0,0,0,0,0,0,0,0,0,0,-19,0,0,0,0,0,0,0,0,9,FALSE
"Keymind-B",102,"FIRST",0,0,0,0,0,0,0,0,0,0,0,0,0,-19,0,0,0,0,0,0,0,0,9,FALSE
"Keymind-B",102,"FIRST",0,0,0,0,0,0,0,0,0,0,0,0,0,-19,0,0,0,0,0,0,0,0,134,FALSE
"Keymind-B",102,"FIRST",0,0,0,0,0,0,0,0,0,0,0,0,0,-19,0,0,0,0,0,0,0,0,57,FALSE
"Keymind-B",102,"FIRST",0,0,0,0,0,0,0,0,0,0,0,0,0,-19,0,0,0,0,0,0,0,0,96,FALSE
"Keymind-B",102,"FIRST",0,0,0,0,0,0,0,0,0,0,0,0,0,-19,0,0,0,0,0,0,0,0,11,FALSE
"Keymind-B",102,"FIRST",0,0,0,0,0,0,0,0,0,0,0,0,0,-19,0,0,0,0,0,0,0,0,57,FALSE
"Keymind-B",102,"FIRST",0,0,0,0,0,0,0,0,0,0,0,0,0,-19,0,0,0,0,0,0,0,16,25,FALSE
"Keymind-B",102,"FIRST",0,0,0,0,0,0,0,0,0,0,0,0,0,-19,0,0,0,0,0,0,0,0,95,FALSE
"Keymind-B",102,"FIRST",0,0,0,0,0,0,0,0,0,0,0,0,0,-19,0,0,0,0,0,0,0,0,134,FALSE
"Keymind-B",102,"FIRST",0,0,0,0,0,0,0,0,0,0,0,0,0,-19,0,0,0,0,0,0,0,0,11,FALSE
"Keymind-B",102,"FIRST",0,0,0,0,0,0,0,0,0,0,0,0,0,-19,0,0,0,0,0,0,0,0,129,FALSE
"Keymind-B",102,"FIRST",0,0,0,0,0,0,0,0,0,0,0,0,0,-19,0,0,0,0,0,0,0,0,250,FALSE
"Keymind-B",102,"FIRST",0,0,0,0,0,0,0,0,0,0,0,0,0,-19,0,0,0,0,0,0,0,0,466,FALSE
"Keymind-B",102,"FIRST",0,0,0,0,0,0,0,0,0,0,0,0,0,-19,0,0,0,0,0,0,0,0,248,FALSE
"Keymind-B",102,"FIRST",0,0,0,0,0,0,0,0,0,0,0,0,0,-19,0,0,0,0,0,0,0,0,466,FALSE
"Keymind-B",102,"FIRST",0,0,0,0,0,0,0,0,0,0,0,0,0,-19,0,0,0,0,0,0,0,0,466,FALSE
"Keymind-B",102,"FIRST",0,0,0,0,0,0,0,0,0,0,0,0,0,-19,0,0,0,0,0,0,0,0,152,FALSE
"Keymind-B",102,"FIRST",0,0,0,0,0,0,0,0,0,0,0,0,0,-19,0,0,0,0,0,0,0,0,2680,FALSE
"Keymind-B",102,"FIRST",0,0,0,0,0,0,0,0,0,0,0,0,0,-19,0,0,0,0,0,0,0,0,251,FALSE
"Keymind-B",102,"FIRST",0,0,0,0,0,0,0,0,0,0,0,0,0,-19,0,0,0,0,0,0,0,0,466,FALSE
"Keymind-B",102,"FIRST",0,0,0,0,0,0,0,0,0,0,0,0,0,-19,0,0,0,0,0,0,0,0,239,FALSE
"Keymind-B",102,"FIRST",0,0,0,0,0,0,0,0,0,0,0,0,0,-19,0,0,0,0,0,0,0,0,248,FALSE
"Keymind-B",102,"FIRST",0,0,0,0,0,0,0,0,0,0,0,0,0,-19,0,0,0,0,0,0,0,0,128,FALSE
"Keymind-B",102,"FIRST",0,0,0,0,0,0,0,0,0,0,0,0,0,-19,0,0,0,0,0,0,0,0,17,FALSE
"Keymind-B",102,"FIRST",0,0,0,0,0,0,0,0,0,0,0,0,0,-19,0,0,0,0,0,0,0,0,26,FALSE
"Keymind-B",102,"FIRST",0,0,0,0,0,0,0,0,0,0,0,0,0,-19,0,0,0,0,0,0,0,0,40,FALSE
"Keymind-B",102,"FIRST",0,0,0,0,0,0,0,0,0,0,0,0,0,-19,0,0,0,0,0,0,0,0,30,FALSE
"Keymind-B",102,"FIRST",0,0,0,0,0,0,0,0,0,0,0,0,0,-19,0,0,0,0,0,0,0,0,102,FALSE
"Keymind-B",102,"FIRST",0,0,0,0,0,0,0,0,0,0,0,0,0,-20,0,0,0,0,0,0,0,0,58,FALSE
"Keymind-B",102,"FIRST",0,0,0,0,0,0,0,0,0,0,0,0,0,-41,0,0,0,0,0,0,0,12,22,FALSE
"Keymind-B",102,"FIRST",0,0,0,0,0,0,0,0,0,0,0,0,0,-41,0,0,0,0,0,0,0,2,12,FALSE
"Keymind-B",102,"FIRST",0,0,0,0,0,0,0,0,0,0,0,0,0,-41,0,0,0,0,0,0,0,19,12,FALSE
"Keymind-B",102,"FIRST",0,0,0,0,0,0,0,0,0,0,0,0,0,-41,0,0,0,0,0,0,0,0,11,FALSE
"Keymind-B",102,"FIRST",0,0,0,0,0,0,0,0,0,0,0,0,0,-41,0,0,0,0,0,0,0,0,9,FALSE
"Keymind-B",102,"FIRST",0,0,0,0,0,0,0,0,0,0,0,0,0,-41,0,0,0,0,0,0,0,3,43,FALSE
"Keymind-B",102,"FIRST",0,0,0,0,0,0,0,0,0,0,0,0,0,-43,0,0,0,0,0,0,0,4,9,FALSE
"Keymind-B",102,"FIRST",0,0,0,0,0,0,0,0,0,0,0,0,0,-43,0,0,0,0,0,0,0,3,9,FALSE
"Keymind-B",102,"FIRST",0,0,0,0,0,0,0,0,0,0,0,0,0,-43,0,0,0,0,0,0,0,0,100,FALSE
"Keymind-B",102,"FIRST",0,0,0,0,0,0,0,0,0,0,0,0,0,-43,0,0,0,0,0,0,0,0,47,FALSE
"Keymind-B",102,"FIRST",0,0,0,0,0,0,0,0,0,0,0,0,0,-43,0,0,0,0,0,0,0,0,145,FALSE
"Keymind-B",102,"FIRST",0,0,0,0,0,0,0,0,0,0,0,0,0,-43,0,0,0,0,0,0,0,0,89,FALSE
"Keymind-B",102,"FIRST",0,0,0,0,0,0,0,0,0,0,0,0,0,-43,0,0,0,0,0,0,0,0,53,FALSE
"Keymind-B",102,"FIRST",0,0,0,0,0,0,0,0,0,0,0,0,0,-43,0,0,0,0,0,0,0,0,143,FALSE
"Keymind-B",102,"FIRST",0,0,0,0,0,0,0,0,0,0,0,0,0,-43,0,0,0,0,0,0,0,0,21,FALSE
"Keymind-B",102,"FIRST",0,0,0,0,0,0,0,0,0,0,0,0,0,-43,0,0,0,0,0,0,0,0,115,FALSE
"Keymind-B",102,"FIRST",0,0,0,0,0,0,0,0,0,0,0,0,0,-44,0,0,0,0,0,0,0,6,9,FALSE
"Keymind-B",104,"FIRST",3,0,1,0,0,0,0,0,0,0,0,0,0,45,25,0,0,0,0,0,0,43,98,FALSE
"Keymind-B",104,"FIRST",4,0,4,0,0,0,0,0,0,0,0,0,0,45,0,0,0,0,0,0,0,5,35,TRUE
"Keymind-B",104,"FIRST",33,0,20,1,2,2,2,2,2,2,8,3,2,45,25,1,2,4,0,35,2,88,232,TRUE
"Keymind-B",104,"FIRST",5,0,3,0,0,0,0,0,0,0,0,0,0,45,25,0,0,0,0,0,0,59,90,FALSE
"Keymind-B",104,"FIRST",16,0,10,0,0,0,0,0,0,0,0,0,0,45,25,0,0,0,0,0,0,0,9,FALSE
"Keymind-B",104,"FIRST",17,0,5,0,0,0,0,0,0,0,0,0,0,44,24,0,0,0,0,0,0,0,11,FALSE
"Keymind-B",104,"FIRST",6,0,1,0,0,0,0,0,0,0,0,0,0,44,24,0,0,0,0,0,0,0,11,FALSE
"Keymind-B",104,"FIRST",7,0,4,0,0,0,0,0,0,0,0,0,0,44,23,0,0,0,0,0,0,110,54,FALSE
"Keymind-B",104,"FIRST",4,0,1,0,0,0,0,0,0,0,0,0,0,44,23,0,0,0,0,0,0,0,16,FALSE
"Keymind-B",104,"FIRST",3,0,3,0,0,0,0,0,0,0,0,0,0,44,0,0,0,0,0,0,0,78,44,FALSE
"Keymind-B",104,"FIRST",6,0,1,0,0,0,0,0,0,0,0,0,0,44,23,0,0,0,0,0,0,66,50,FALSE
"Keymind-B",104,"FIRST",6,0,2,0,0,0,0,0,0,0,0,0,0,44,23,0,0,0,0,0,0,95,32,TRUE
"Keymind-B",104,"FIRST",14,0,4,0,0,0,0,0,0,0,0,0,0,44,23,0,0,0,0,0,0,0,26,TRUE
"Keymind-B",104,"FIRST",12,0,4,0,0,0,0,0,0,0,0,0,0,44,23,0,0,0,0,0,0,64,144,TRUE
"Keymind-B",104,"FIRST",8,0,3,1,9,9,9,9,9,9,7,6,3,44,23,1,9,0,0,29,6,47,16,FALSE
"Keymind-B",104,"FIRST",9,0,3,0,0,0,0,0,0,0,0,0,0,44,23,0,0,0,0,0,0,0,20,TRUE
"Keymind-B",104,"FIRST",2,0,1,0,0,0,0,0,0,0,0,0,0,44,0,0,0,0,0,0,0,33,12,TRUE
"Keymind-B",104,"FIRST",1,0,0,0,0,0,0,0,0,0,0,0,0,43,22,0,0,0,0,0,0,17,10,TRUE
"Keymind-B",104,"FIRST",2,0,1,0,0,0,0,0,0,0,0,0,0,43,0,0,0,0,0,0,0,0,11,FALSE
"Keymind-B",104,"FIRST",3,0,2,0,0,0,0,0,0,0,0,0,0,43,22,0,0,0,0,0,0,0,9,FALSE
"Keymind-B",104,"FIRST",2,0,1,0,0,0,0,0,0,0,0,0,0,43,0,0,0,0,0,0,0,0,12,FALSE
"Keymind-B",104,"FIRST",3,0,1,0,0,0,0,0,0,0,0,0,0,43,22,0,0,0,0,0,0,0,10,FALSE
"Keymind-B",104,"FIRST",6,0,2,0,0,0,0,0,0,0,0,0,0,43,22,0,0,0,0,0,0,15,16,FALSE
"Keymind-B",104,"FIRST",2,0,1,0,0,0,0,0,0,0,0,0,0,43,0,0,0,0,0,0,0,7,10,FALSE
"Keymind-B",104,"FIRST",5,0,1,0,0,0,0,0,0,0,0,0,0,43,22,0,0,0,0,0,0,0,28,FALSE
"Keymind-B",104,"FIRST",4,0,1,0,0,0,0,0,0,0,0,0,0,43,22,0,0,0,0,0,0,0,35,FALSE
"Keymind-B",104,"FIRST",7,0,1,0,0,0,0,0,0,0,0,0,0,43,22,0,0,0,0,0,0,16,19,FALSE
"Keymind-B",104,"FIRST",2,0,2,0,0,0,0,0,0,0,0,0,0,43,0,0,0,0,0,0,0,0,9,FALSE
"Keymind-B",104,"FIRST",2,0,2,0,0,0,0,0,0,0,0,0,0,43,0,0,0,0,0,0,0,0,11,FALSE
"Keymind-B",104,"FIRST",1,0,0,0,0,0,0,0,0,0,0,0,0,42,22,0,0,0,0,0,0,19,25,FALSE
"Keymind-B",104,"FIRST",9,0,2,1,0,0,0,0,0,0,1,1,1,42,22,0,0,0,0,0,0,213,24,TRUE
"Keymind-B",104,"FIRST",15,0,9,1,0,0,0,0,0,0,1,1,1,42,22,0,0,0,0,0,0,0,8,TRUE
"Keymind-B",104,"FIRST",3,0,3,1,0,0,0,0,0,0,1,1,1,42,0,0,0,0,0,0,9,42,9,FALSE
"Keymind-B",104,"FIRST",16,0,0,0,0,0,0,0,0,0,0,0,0,42,21,0,0,0,0,0,0,31,37,FALSE
"Keymind-B",104,"FIRST",6,0,0,0,0,0,0,0,0,0,0,0,0,42,21,0,0,0,0,0,0,0,96,FALSE
"Keymind-B",104,"FIRST",2,0,1,0,0,0,0,0,0,0,0,0,0,42,0,0,0,0,0,0,0,0,36,FALSE
"Keymind-B",104,"FIRST",1,0,0,0,0,0,0,0,0,0,0,0,0,41,21,0,0,0,0,0,0,0,141,FALSE
"Keymind-B",104,"FIRST",1,0,0,0,0,0,0,0,0,0,0,0,0,41,0,0,0,0,0,0,0,0,51,FALSE
"Keymind-B",104,"FIRST",2,0,0,0,0,0,0,0,0,0,0,0,0,41,21,0,0,0,0,0,0,0,36,FALSE
"Keymind-B",104,"FIRST",2,0,0,0,0,0,0,0,0,0,0,0,0,41,21,0,0,0,0,0,0,0,119,FALSE
"Keymind-B",104,"FIRST",5,0,2,0,0,0,0,0,0,0,0,0,0,41,21,0,0,0,0,0,0,0,20,FALSE
"Keymind-B",104,"FIRST",1,0,0,0,0,0,0,0,0,0,0,0,0,41,21,0,0,0,0,0,0,25,119,FALSE
"Keymind-B",104,"FIRST",3,0,0,0,0,0,0,0,0,0,0,0,0,41,21,0,0,0,0,0,0,0,40,FALSE
"Keymind-B",104,"FIRST",1,0,0,0,0,0,0,0,0,0,0,0,0,41,21,0,0,0,0,0,0,65,140,FALSE
"Keymind-B",104,"FIRST",1,0,0,0,0,0,0,0,0,0,0,0,0,41,21,0,0,0,0,0,0,29,63,FALSE
"Keymind-B",104,"FIRST",4,0,2,0,0,0,0,0,0,0,0,0,0,41,0,0,0,0,0,0,0,0,11,FALSE
"Keymind-B",104,"FIRST",3,0,0,0,0,0,0,0,0,0,0,0,0,41,21,0,0,0,0,0,0,0,45,FALSE
"Keymind-B",104,"FIRST",1,0,1,0,0,0,0,0,0,0,0,0,0,41,0,0,0,0,0,0,0,63,72,FALSE
"Keymind-B",104,"FIRST",1,0,1,0,0,0,0,0,0,0,0,0,0,41,0,0,0,0,0,0,0,76,143,FALSE
"Keymind-B",104,"FIRST",11,0,0,0,0,0,0,0,0,0,0,0,0,40,19,0,0,0,0,0,0,12,9,FALSE
"Keymind-B",104,"FIRST",9,0,0,0,0,0,0,0,0,0,0,0,0,40,19,0,0,0,0,0,0,0,13,FALSE
"Keymind-B",104,"FIRST",2,0,1,0,0,0,0,0,0,0,0,0,0,40,0,0,0,0,0,0,0,0,4,FALSE
"Keymind-B",104,"FIRST",1,0,0,0,0,0,0,0,0,0,0,0,0,39,19,0,0,0,0,0,0,41,16,FALSE
"Keymind-B",104,"FIRST",3,0,2,0,0,0,0,0,0,0,0,0,0,39,0,0,0,0,0,0,0,0,50,FALSE
"Keymind-B",104,"FIRST",2,0,1,0,0,0,0,0,0,0,0,0,0,39,19,0,0,0,0,0,0,70,16,FALSE
"Keymind-B",104,"FIRST",1,0,1,0,0,0,0,0,0,0,0,0,0,39,0,0,0,0,0,0,0,125,36,FALSE
"Keymind-B",104,"FIRST",3,0,0,0,0,0,0,0,0,0,0,0,0,39,19,0,0,0,0,0,0,47,9,FALSE
"Keymind-B",104,"FIRST",5,0,5,1,0,0,0,0,0,0,2,2,2,39,0,0,0,0,0,0,1,10,30,TRUE
"Keymind-B",104,"FIRST",2,0,1,0,0,0,0,0,0,0,0,0,0,39,0,0,0,0,0,0,0,61,9,TRUE
"Keymind-B",104,"FIRST",3,0,2,0,0,0,0,0,0,0,0,0,0,39,0,0,0,0,0,0,0,0,24,FALSE
"Keymind-B",104,"FIRST",3,0,2,1,34,34,34,34,34,34,6,6,6,39,0,1,34,0,0,53,5,69,9,TRUE
"Keymind-B",104,"FIRST",2,0,1,0,0,0,0,0,0,0,0,0,0,38,0,0,0,0,0,0,0,24,15,FALSE
"Keymind-B",104,"FIRST",1,0,1,0,0,0,0,0,0,0,0,0,0,31,0,0,0,0,0,0,0,38,9,FALSE
"Keymind-B",104,"FIRST",1,0,0,1,19,19,19,17,17,17,6,6,6,2,0,1,18,1,1,35,0,0,50,TRUE
"Keymind-B",104,"FIRST",0,0,0,0,0,0,0,0,0,0,0,0,0,-1,0,0,0,0,0,0,0,0,0,FALSE
"Keymind-B",104,"FIRST",0,0,0,0,0,0,0,0,0,0,0,0,0,-1,0,0,0,0,0,0,0,0,0,FALSE
"Keymind-B",104,"FIRST",0,0,0,0,0,0,0,0,0,0,0,0,0,-1,0,0,0,0,0,0,0,0,0,FALSE
"Keymind-B",104,"FIRST",0,0,0,0,0,0,0,0,0,0,0,0,0,-1,0,0,0,0,0,0,0,0,0,FALSE
"Keymind-B",104,"FIRST",0,0,0,0,0,0,0,0,0,0,0,0,0,-2,0,0,0,0,0,0,0,17,29,FALSE
"Keymind-B",104,"FIRST",0,0,0,0,0,0,0,0,0,0,0,0,0,-2,0,0,0,0,0,0,0,15,27,FALSE
"Keymind-B",104,"FIRST",0,0,0,0,0,0,0,0,0,0,0,0,0,-2,0,0,0,0,0,0,0,0,16,FALSE
"Keymind-B",104,"FIRST",0,0,0,0,0,0,0,0,0,0,0,0,0,-2,0,0,0,0,0,0,0,0,14,FALSE
"Keymind-B",104,"FIRST",0,0,0,0,0,0,0,0,0,0,0,0,0,-2,0,0,0,0,0,0,0,0,15,FALSE
"Keymind-B",104,"FIRST",0,0,0,0,0,0,0,0,0,0,0,0,0,-2,0,0,0,0,0,0,0,15,20,FALSE
"Keymind-B",104,"FIRST",0,0,0,0,0,0,0,0,0,0,0,0,0,-2,0,0,0,0,0,0,0,15,26,FALSE
"Keymind-B",104,"FIRST",0,0,0,0,0,0,0,0,0,0,0,0,0,-2,0,0,0,0,0,0,0,0,16,FALSE
"Keymind-B",104,"FIRST",0,0,0,0,0,0,0,0,0,0,0,0,0,-2,0,0,0,0,0,0,0,0,11,FALSE
"Keymind-B",104,"FIRST",0,0,0,0,0,0,0,0,0,0,0,0,0,-2,0,0,0,0,0,0,0,0,20,FALSE
"Keymind-B",104,"FIRST",0,0,0,0,0,0,0,0,0,0,0,0,0,-2,0,0,0,0,0,0,0,18,27,FALSE
"Keymind-B",104,"FIRST",0,0,0,0,0,0,0,0,0,0,0,0,0,-2,0,0,0,0,0,0,0,2,23,FALSE
"Keymind-B",104,"FIRST",0,0,0,0,0,0,0,0,0,0,0,0,0,-2,0,0,0,0,0,0,0,1,11,FALSE
"Keymind-B",104,"FIRST",0,0,0,0,0,0,0,0,0,0,0,0,0,-2,0,0,0,0,0,0,0,0,67,FALSE
"Keymind-B",104,"FIRST",0,0,0,0,0,0,0,0,0,0,0,0,0,-2,0,0,0,0,0,0,0,0,9,FALSE
"Keymind-B",104,"FIRST",0,0,0,0,0,0,0,0,0,0,0,0,0,-2,0,0,0,0,0,0,0,0,9,FALSE
"Keymind-B",104,"FIRST",0,0,0,0,0,0,0,0,0,0,0,0,0,-2,0,0,0,0,0,0,0,0,134,FALSE
"Keymind-B",104,"FIRST",0,0,0,0,0,0,0,0,0,0,0,0,0,-2,0,0,0,0,0,0,0,0,57,FALSE
"Keymind-B",104,"FIRST",0,0,0,0,0,0,0,0,0,0,0,0,0,-2,0,0,0,0,0,0,0,0,96,FALSE
"Keymind-B",104,"FIRST",0,0,0,0,0,0,0,0,0,0,0,0,0,-2,0,0,0,0,0,0,0,0,11,FALSE
"Keymind-B",104,"FIRST",0,0,0,0,0,0,0,0,0,0,0,0,0,-2,0,0,0,0,0,0,0,0,57,FALSE
"Keymind-B",104,"FIRST",0,0,0,0,0,0,0,0,0,0,0,0,0,-2,0,0,0,0,0,0,0,16,25,FALSE
"Keymind-B",104,"FIRST",0,0,0,0,0,0,0,0,0,0,0,0,0,-2,0,0,0,0,0,0,0,0,95,FALSE
"Keymind-B",104,"FIRST",0,0,0,0,0,0,0,0,0,0,0,0,0,-2,0,0,0,0,0,0,0,0,134,FALSE
"Keymind-B",104,"FIRST",0,0,0,0,0,0,0,0,0,0,0,0,0,-2,0,0,0,0,0,0,0,0,11,FALSE
"Keymind-B",104,"FIRST",0,0,0,0,0,0,0,0,0,0,0,0,0,-2,0,0,0,0,0,0,0,0,129,FALSE
"Keymind-B",104,"FIRST",0,0,0,0,0,0,0,0,0,0,0,0,0,-2,0,0,0,0,0,0,0,0,250,FALSE
"Keymind-B",104,"FIRST",0,0,0,0,0,0,0,0,0,0,0,0,0,-2,0,0,0,0,0,0,0,0,466,FALSE
"Keymind-B",104,"FIRST",0,0,0,0,0,0,0,0,0,0,0,0,0,-2,0,0,0,0,0,0,0,0,248,FALSE
"Keymind-B",104,"FIRST",0,0,0,0,0,0,0,0,0,0,0,0,0,-2,0,0,0,0,0,0,0,0,466,FALSE
"Keymind-B",104,"FIRST",0,0,0,0,0,0,0,0,0,0,0,0,0,-2,0,0,0,0,0,0,0,0,466,FALSE
"Keymind-B",104,"FIRST",0,0,0,0,0,0,0,0,0,0,0,0,0,-2,0,0,0,0,0,0,0,0,152,FALSE
"Keymind-B",104,"FIRST",0,0,0,0,0,0,0,0,0,0,0,0,0,-2,0,0,0,0,0,0,0,0,2680,FALSE
"Keymind-B",104,"FIRST",0,0,0,0,0,0,0,0,0,0,0,0,0,-2,0,0,0,0,0,0,0,0,251,FALSE
"Keymind-B",104,"FIRST",0,0,0,0,0,0,0,0,0,0,0,0,0,-2,0,0,0,0,0,0,0,0,466,FALSE
"Keymind-B",104,"FIRST",0,0,0,0,0,0,0,0,0,0,0,0,0,-2,0,0,0,0,0,0,0,0,239,FALSE
"Keymind-B",104,"FIRST",0,0,0,0,0,0,0,0,0,0,0,0,0,-2,0,0,0,0,0,0,0,0,248,FALSE
"Keymind-B",104,"FIRST",0,0,0,0,0,0,0,0,0,0,0,0,0,-2,0,0,0,0,0,0,0,0,128,FALSE
"Keymind-B",104,"FIRST",0,0,0,0,0,0,0,0,0,0,0,0,0,-2,0,0,0,0,0,0,0,0,17,FALSE
"Keymind-B",104,"FIRST",0,0,0,0,0,0,0,0,0,0,0,0,0,-2,0,0,0,0,0,0,0,0,26,FALSE
"Keymind-B",104,"FIRST",0,0,0,0,0,0,0,0,0,0,0,0,0,-2,0,0,0,0,0,0,0,0,40,FALSE
"Keymind-B",104,"FIRST",0,0,0,0,0,0,0,0,0,0,0,0,0,-3,0,0,0,0,0,0,0,0,30,FALSE
"Keymind-B",104,"FIRST",0,0,0,0,0,0,0,0,0,0,0,0,0,-3,0,0,0,0,0,0,0,0,102,FALSE
"Keymind-B",104,"FIRST",0,0,0,0,0,0,0,0,0,0,0,0,0,-4,0,0,0,0,0,0,0,0,58,FALSE
"Keymind-B",104,"FIRST",0,0,0,0,0,0,0,0,0,0,0,0,0,-24,0,0,0,0,0,0,0,12,22,FALSE
"Keymind-B",104,"FIRST",0,0,0,0,0,0,0,0,0,0,0,0,0,-24,0,0,0,0,0,0,0,2,12,FALSE
"Keymind-B",104,"FIRST",0,0,0,0,0,0,0,0,0,0,0,0,0,-24,0,0,0,0,0,0,0,19,12,FALSE
"Keymind-B",104,"FIRST",0,0,0,0,0,0,0,0,0,0,0,0,0,-24,0,0,0,0,0,0,0,0,11,FALSE
"Keymind-B",104,"FIRST",0,0,0,0,0,0,0,0,0,0,0,0,0,-24,0,0,0,0,0,0,0,0,9,FALSE
"Keymind-B",104,"FIRST",0,0,0,0,0,0,0,0,0,0,0,0,0,-24,0,0,0,0,0,0,0,3,43,FALSE
"Keymind-B",104,"FIRST",0,0,0,0,0,0,0,0,0,0,0,0,0,-27,0,0,0,0,0,0,0,4,9,FALSE
"Keymind-B",104,"FIRST",0,0,0,0,0,0,0,0,0,0,0,0,0,-27,0,0,0,0,0,0,0,3,9,FALSE
"Keymind-B",104,"FIRST",0,0,0,0,0,0,0,0,0,0,0,0,0,-27,0,0,0,0,0,0,0,0,100,FALSE
"Keymind-B",104,"FIRST",0,0,0,0,0,0,0,0,0,0,0,0,0,-27,0,0,0,0,0,0,0,0,47,FALSE
"Keymind-B",104,"FIRST",0,0,0,0,0,0,0,0,0,0,0,0,0,-27,0,0,0,0,0,0,0,0,145,FALSE
"Keymind-B",104,"FIRST",0,0,0,0,0,0,0,0,0,0,0,0,0,-27,0,0,0,0,0,0,0,0,89,FALSE
"Keymind-B",104,"FIRST",0,0,0,0,0,0,0,0,0,0,0,0,0,-27,0,0,0,0,0,0,0,0,53,FALSE
"Keymind-B",104,"FIRST",0,0,0,0,0,0,0,0,0,0,0,0,0,-27,0,0,0,0,0,0,0,0,143,FALSE
"Keymind-B",104,"FIRST",0,0,0,0,0,0,0,0,0,0,0,0,0,-27,0,0,0,0,0,0,0,0,21,FALSE
"Keymind-B",104,"FIRST",0,0,0,0,0,0,0,0,0,0,0,0,0,-27,0,0,0,0,0,0,0,0,115,FALSE
"Keymind-B",104,"FIRST",0,0,0,0,0,0,0,0,0,0,0,0,0,-27,0,0,0,0,0,0,0,6,9,FALSE
"Keymind-B",107,"LAST",4,0,1,1,82,82,82,80,80,80,8,8,8,64,25,1,81,1,1,98,4,47,9,FALSE
"Keymind-B",107,"LAST",4,0,4,0,0,0,0,0,0,0,0,0,0,64,0,0,0,0,0,0,0,5,35,TRUE
"Keymind-B",107,"LAST",34,0,21,1,0,0,0,0,0,0,1,1,1,64,25,0,0,0,0,0,0,88,232,TRUE
"Keymind-B",107,"LAST",6,0,3,1,20,20,20,20,20,20,14,14,14,64,25,1,20,8,0,90,0,59,30,TRUE
"Keymind-B",107,"LAST",16,0,10,0,0,0,0,0,0,0,0,0,0,64,25,0,0,0,0,0,0,0,9,FALSE
"Keymind-B",107,"LAST",17,0,5,0,0,0,0,0,0,0,0,0,0,63,24,0,0,0,0,0,0,0,11,FALSE
"Keymind-B",107,"LAST",6,0,1,0,0,0,0,0,0,0,0,0,0,63,24,0,0,0,0,0,0,0,11,FALSE
"Keymind-B",107,"LAST",4,0,1,0,0,0,0,0,0,0,0,0,0,62,23,0,0,0,0,0,0,0,16,FALSE
"Keymind-B",107,"LAST",6,0,2,0,0,0,0,0,0,0,0,0,0,62,23,0,0,0,0,0,0,95,32,TRUE
"Keymind-B",107,"LAST",14,0,4,0,0,0,0,0,0,0,0,0,0,62,23,0,0,0,0,0,0,0,26,TRUE
"Keymind-B",107,"LAST",12,0,4,0,0,0,0,0,0,0,0,0,0,62,23,0,0,0,0,0,0,64,144,TRUE
"Keymind-B",107,"LAST",10,0,5,1,0,0,0,0,0,0,6,5,3,62,34,0,0,0,0,0,0,47,16,FALSE
"Keymind-B",107,"LAST",9,0,3,0,0,0,0,0,0,0,0,0,0,62,23,0,0,0,0,0,0,0,20,TRUE
"Keymind-B",107,"LAST",2,0,1,0,0,0,0,0,0,0,0,0,0,62,0,0,0,0,0,0,0,33,12,TRUE
"Keymind-B",107,"LAST",1,0,0,0,0,0,0,0,0,0,0,0,0,61,22,0,0,0,0,0,0,17,10,TRUE
"Keymind-B",107,"LAST",2,0,1,0,0,0,0,0,0,0,0,0,0,61,0,0,0,0,0,0,0,0,12,FALSE
"Keymind-B",107,"LAST",3,0,1,0,0,0,0,0,0,0,0,0,0,61,22,0,0,0,0,0,0,0,10,FALSE
"Keymind-B",107,"LAST",6,0,2,0,0,0,0,0,0,0,0,0,0,61,22,0,0,0,0,0,0,15,16,FALSE
"Keymind-B",107,"LAST",2,0,1,0,0,0,0,0,0,0,0,0,0,61,0,0,0,0,0,0,0,7,10,FALSE
"Keymind-B",107,"LAST",10,0,3,1,0,0,0,0,0,0,3,3,3,61,22,0,0,0,0,0,0,213,24,TRUE
"Keymind-B",107,"LAST",16,0,10,1,0,0,0,0,0,0,3,3,3,61,22,0,0,0,0,0,0,0,8,TRUE
"Keymind-B",107,"LAST",4,0,4,1,0,0,0,0,0,0,5,5,5,60,0,0,0,0,0,0,2,44,9,FALSE
"Keymind-B",107,"LAST",5,0,2,0,0,0,0,0,0,0,0,0,0,60,21,0,0,0,0,0,0,0,20,FALSE
"Keymind-B",107,"LAST",4,0,2,0,0,0,0,0,0,0,0,0,0,60,0,0,0,0,0,0,0,0,11,FALSE
"Keymind-B",107,"LAST",11,0,0,0,0,0,0,0,0,0,0,0,0,58,19,0,0,0,0,0,0,12,9,FALSE
"Keymind-B",107,"LAST",2,0,1,0,0,0,0,0,0,0,0,0,0,58,0,0,0,0,0,0,0,0,4,FALSE
"Keymind-B",107,"LAST",1,0,0,0,0,0,0,0,0,0,0,0,0,58,19,0,0,0,0,0,0,41,16,FALSE
"Keymind-B",107,"LAST",3,0,1,1,0,0,0,0,0,0,7,7,7,58,19,1,0,2,0,16,0,70,47,FALSE
"Keymind-B",107,"LAST",3,0,0,0,0,0,0,0,0,0,0,0,0,58,19,0,0,0,0,0,0,47,9,FALSE
"Keymind-B",107,"LAST",2,0,1,0,0,0,0,0,0,0,0,0,0,58,0,0,0,0,0,0,0,61,9,TRUE
"Keymind-B",107,"LAST",3,0,2,0,0,0,0,0,0,0,0,0,0,57,39,0,0,0,0,0,0,69,9,TRUE
"Keymind-B",107,"LAST",1,0,1,0,0,0,0,0,0,0,0,0,0,49,0,0,0,0,0,0,0,38,9,FALSE
"Keymind-B",107,"LAST",1,0,0,0,0,0,0,0,0,0,0,0,0,20,2,0,0,0,0,0,0,0,50,TRUE
"Keymind-B",107,"LAST",4,0,0,1,8089,5093,2021,6659,3675,1665,26,13,6,16,0,4,7374,1126,715,2680,0,0,469,FALSE
"Keymind-B",107,"LAST",0,0,0,0,0,0,0,0,0,0,0,0,0,-6,0,0,0,0,0,0,0,12,22,FALSE
"Keymind-B",107,"LAST",0,0,0,0,0,0,0,0,0,0,0,0,0,-6,0,0,0,0,0,0,0,2,12,FALSE
"Keymind-B",107,"LAST",0,0,0,0,0,0,0,0,0,0,0,0,0,-6,0,0,0,0,0,0,0,19,12,FALSE
"Keymind-B",107,"LAST",0,0,0,0,0,0,0,0,0,0,0,0,0,-6,0,0,0,0,0,0,0,0,11,FALSE
"Keymind-B",107,"LAST",0,0,0,0,0,0,0,0,0,0,0,0,0,-6,0,0,0,0,0,0,0,0,9,FALSE
"Keymind-B",107,"LAST",0,0,0,0,0,0,0,0,0,0,0,0,0,-6,0,0,0,0,0,0,0,3,43,FALSE
"Keymind-B",107,"LAST",0,0,0,0,0,0,0,0,0,0,0,0,0,-8,0,0,0,0,0,0,0,4,9,FALSE
"Keymind-B",107,"LAST",0,0,0,0,0,0,0,0,0,0,0,0,0,-8,0,0,0,0,0,0,0,3,9,FALSE
"Keymind-B",107,"LAST",0,0,0,0,0,0,0,0,0,0,0,0,0,-8,0,0,0,0,0,0,0,0,100,FALSE
"Keymind-B",107,"LAST",0,0,0,0,0,0,0,0,0,0,0,0,0,-8,0,0,0,0,0,0,0,0,47,FALSE
"Keymind-B",107,"LAST",0,0,0,0,0,0,0,0,0,0,0,0,0,-8,0,0,0,0,0,0,0,0,145,FALSE
"Keymind-B",107,"LAST",0,0,0,0,0,0,0,0,0,0,0,0,0,-8,0,0,0,0,0,0,0,0,89,FALSE
"Keymind-B",107,"LAST",0,0,0,0,0,0,0,0,0,0,0,0,0,-8,0,0,0,0,0,0,0,0,53,FALSE
"Keymind-B",107,"LAST",0,0,0,0,0,0,0,0,0,0,0,0,0,-8,0,0,0,0,0,0,0,0,143,FALSE
"Keymind-B",107,"LAST",0,0,0,0,0,0,0,0,0,0,0,0,0,-8,0,0,0,0,0,0,0,0,21,FALSE
"Keymind-B",107,"LAST",0,0,0,0,0,0,0,0,0,0,0,0,0,-8,0,0,0,0,0,0,0,0,115,FALSE
"Keymind-B",107,"LAST",0,0,0,0,0,0,0,0,0,0,0,0,0,-9,0,0,0,0,0,0,0,6,9,FALSE
"Keymind-B",1011,"LAST",5,0,2,1,0,0,0,0,0,0,2,2,2,75,58,0,0,0,0,0,0,47,9,FALSE
"Keymind-B",1011,"LAST",4,0,4,0,0,0,0,0,0,0,0,0,0,75,0,0,0,0,0,0,0,5,35,TRUE
"Keymind-B",1011,"LAST",36,0,23,1,0,0,0,0,0,0,4,1,1,75,25,0,0,0,0,0,17,105,232,TRUE
"Keymind-B",1011,"LAST",14,0,4,0,0,0,0,0,0,0,0,0,0,73,23,0,0,0,0,0,0,0,26,TRUE
"Keymind-B",1011,"LAST",12,0,4,0,0,0,0,0,0,0,0,0,0,73,23,0,0,0,0,0,0,64,144,TRUE
"Keymind-B",1011,"LAST",9,0,3,0,0,0,0,0,0,0,0,0,0,73,23,0,0,0,0,0,0,0,20,TRUE
"Keymind-B",1011,"LAST",6,0,4,1,0,0,0,0,0,0,8,4,2,68,39,1,0,1,0,9,3,72,10,FALSE
